Compressor,Iterations,Data name,Source file,Tree name,Branch name,Precision,Average compression time (ms),Average decompression time (ms),Original data size (bytes),Compressed data size (bytes),Compression ratio,Average relative error,Trunk compression level,SZ error bound mode,SZ algorithm,SZ interpolation algorithm
,,,,,,,,,,,,,-1,-1,-1,-1
Trunk,5.0,root,mc_361106.Zee.1largeRjet1lep.root,mini,jet_E,3.0,100.0,1.0,535336.0,285167.0,1.88,0.000176,9,-1,-1,-1
,,,,,,,,,,,,,-1,-1,-1,-1
SZ,5.0,root,mc_361106.Zee.1largeRjet1lep.root,mini,jet_E,3.0,31.2,23.0,535336.0,136665.0,3.92,0.014123,-1,1,0,0
SZ,5.0,root,mc_361106.Zee.1largeRjet1lep.root,mini,jet_E,3.0,31.6,23.2,535336.0,136665.0,3.92,0.014123,-1,1,0,1
SZ,5.0,root,mc_361106.Zee.1largeRjet1lep.root,mini,jet_E,3.0,35.0,11.0,535336.0,147486.0,3.63,0.012324,-1,1,1,0
SZ,5.0,root,mc_361106.Zee.1largeRjet1lep.root,mini,jet_E,3.0,36.0,11.0,535336.0,147486.0,3.63,0.012324,-1,1,1,1
SZ,5.0,root,mc_361106.Zee.1largeRjet1lep.root,mini,jet_E,3.0,12.8,11.0,535336.0,147486.0,3.63,0.012324,-1,1,2,0
SZ,5.0,root,mc_361106.Zee.1largeRjet1lep.root,mini,jet_E,3.0,14.0,11.0,535336.0,149369.0,3.58,0.012267,-1,1,2,1
SZ,5.0,root,mc_361106.Zee.1largeRjet1lep.root,mini,jet_E,3.0,10.2,8.0,535336.0,120067.0,4.46,0.014047,-1,1,3,0
SZ,5.0,root,mc_361106.Zee.1largeRjet1lep.root,mini,jet_E,3.0,9.2,7.4,535336.0,120067.0,4.46,0.014047,-1,1,3,1
SZ,5.0,root,mc_361106.Zee.1largeRjet1lep.root,mini,jet_E,3.0,1.4,0.0,535336.0,484248.0,1.11,0.0,-1,1,4,0
SZ,5.0,root,mc_361106.Zee.1largeRjet1lep.root,mini,jet_E,3.0,1.6,0.0,535336.0,484248.0,1.11,0.0,-1,1,4,1
Trunk,5.0,root,mc_361106.Zee.1largeRjet1lep.root,mini,jet_eta,3.0,139.0,2.0,535336.0,303419.0,1.76,0.000176,9,-1,-1,-1
SZ,5.0,root,mc_361106.Zee.1largeRjet1lep.root,mini,jet_eta,3.0,33.6,26.0,535336.0,193242.0,2.77,0.008665,-1,1,0,0
SZ,5.0,root,mc_361106.Zee.1largeRjet1lep.root,mini,jet_eta,3.0,34.2,26.2,535336.0,193242.0,2.77,0.008665,-1,1,0,1
SZ,5.0,root,mc_361106.Zee.1largeRjet1lep.root,mini,jet_eta,3.0,40.2,13.2,535336.0,204936.0,2.61,0.010911,-1,1,1,0
SZ,5.0,root,mc_361106.Zee.1largeRjet1lep.root,mini,jet_eta,3.0,41.0,13.0,535336.0,204936.0,2.61,0.010911,-1,1,1,1
SZ,5.0,root,mc_361106.Zee.1largeRjet1lep.root,mini,jet_eta,3.0,15.6,13.6,535336.0,204936.0,2.61,0.010911,-1,1,2,0
SZ,5.0,root,mc_361106.Zee.1largeRjet1lep.root,mini,jet_eta,3.0,14.0,13.0,535336.0,206960.0,2.59,0.009359,-1,1,2,1
SZ,5.0,root,mc_361106.Zee.1largeRjet1lep.root,mini,jet_eta,3.0,10.4,10.0,535336.0,174537.0,3.07,0.005673,-1,1,3,0
SZ,5.0,root,mc_361106.Zee.1largeRjet1lep.root,mini,jet_eta,3.0,10.2,10.6,535336.0,174537.0,3.07,0.005673,-1,1,3,1
SZ,5.0,root,mc_361106.Zee.1largeRjet1lep.root,mini,jet_eta,3.0,1.6,0.0,535336.0,493278.0,1.09,0.0,-1,1,4,0
SZ,5.0,root,mc_361106.Zee.1largeRjet1lep.root,mini,jet_eta,3.0,1.6,0.0,535336.0,493278.0,1.09,0.0,-1,1,4,1
Trunk,5.0,root,mc_361106.Zee.1largeRjet1lep.root,mini,jet_jvt,3.0,364.0,1.0,535336.0,159261.0,3.36,0.000112,9,-1,-1,-1
SZ,5.0,root,mc_361106.Zee.1largeRjet1lep.root,mini,jet_jvt,3.0,34.4,24.0,535336.0,144150.0,3.71,0.000737,-1,1,0,0
SZ,5.0,root,mc_361106.Zee.1largeRjet1lep.root,mini,jet_jvt,3.0,32.2,23.2,535336.0,144150.0,3.71,0.000737,-1,1,0,1
SZ,5.0,root,mc_361106.Zee.1largeRjet1lep.root,mini,jet_jvt,3.0,33.8,8.4,535336.0,136137.0,3.93,0.00053,-1,1,1,0
SZ,5.0,root,mc_361106.Zee.1largeRjet1lep.root,mini,jet_jvt,3.0,33.4,8.0,535336.0,136137.0,3.93,0.00053,-1,1,1,1
SZ,5.0,root,mc_361106.Zee.1largeRjet1lep.root,mini,jet_jvt,3.0,19.4,10.0,535336.0,149441.0,3.58,0.00074,-1,1,2,0
SZ,5.0,root,mc_361106.Zee.1largeRjet1lep.root,mini,jet_jvt,3.0,15.6,11.0,535336.0,156735.0,3.42,0.000883,-1,1,2,1
SZ,5.0,root,mc_361106.Zee.1largeRjet1lep.root,mini,jet_jvt,3.0,9.4,6.2,535336.0,97799.0,5.47,0.000528,-1,1,3,0
SZ,5.0,root,mc_361106.Zee.1largeRjet1lep.root,mini,jet_jvt,3.0,10.2,6.2,535336.0,97799.0,5.47,0.000528,-1,1,3,1
SZ,5.0,root,mc_361106.Zee.1largeRjet1lep.root,mini,jet_jvt,3.0,5.0,0.0,535336.0,380425.0,1.41,0.0,-1,1,4,0
SZ,5.0,root,mc_361106.Zee.1largeRjet1lep.root,mini,jet_jvt,3.0,5.0,0.0,535336.0,380425.0,1.41,0.0,-1,1,4,1
Trunk,5.0,root,mc_361106.Zee.1largeRjet1lep.root,mini,jet_MV2c10,3.0,183.4,1.2,535336.0,258686.0,2.07,0.000152,9,-1,-1,-1
SZ,5.0,root,mc_361106.Zee.1largeRjet1lep.root,mini,jet_MV2c10,3.0,34.8,27.8,535336.0,183811.0,2.91,0.001731,-1,1,0,0
SZ,5.0,root,mc_361106.Zee.1largeRjet1lep.root,mini,jet_MV2c10,3.0,35.2,26.0,535336.0,183811.0,2.91,0.001731,-1,1,0,1
SZ,5.0,root,mc_361106.Zee.1largeRjet1lep.root,mini,jet_MV2c10,3.0,38.0,12.2,535336.0,197910.0,2.7,0.001615,-1,1,1,0
SZ,5.0,root,mc_361106.Zee.1largeRjet1lep.root,mini,jet_MV2c10,3.0,38.2,12.2,535336.0,197910.0,2.7,0.001615,-1,1,1,1
SZ,5.0,root,mc_361106.Zee.1largeRjet1lep.root,mini,jet_MV2c10,3.0,14.4,12.4,535336.0,197910.0,2.7,0.001615,-1,1,2,0
SZ,5.0,root,mc_361106.Zee.1largeRjet1lep.root,mini,jet_MV2c10,3.0,14.6,13.0,535336.0,202072.0,2.65,0.001653,-1,1,2,1
SZ,5.0,root,mc_361106.Zee.1largeRjet1lep.root,mini,jet_MV2c10,3.0,11.0,11.2,535336.0,153515.0,3.49,0.001445,-1,1,3,0
SZ,5.0,root,mc_361106.Zee.1largeRjet1lep.root,mini,jet_MV2c10,3.0,10.6,9.0,535336.0,153515.0,3.49,0.001445,-1,1,3,1
SZ,5.0,root,mc_361106.Zee.1largeRjet1lep.root,mini,jet_MV2c10,3.0,1.6,0.0,535336.0,467321.0,1.15,0.0,-1,1,4,0
SZ,5.0,root,mc_361106.Zee.1largeRjet1lep.root,mini,jet_MV2c10,3.0,1.6,0.0,535336.0,467321.0,1.15,0.0,-1,1,4,1
Trunk,5.0,root,mc_361106.Zee.1largeRjet1lep.root,mini,jet_phi,3.0,137.4,2.0,535336.0,298812.0,1.79,0.000178,9,-1,-1,-1
SZ,5.0,root,mc_361106.Zee.1largeRjet1lep.root,mini,jet_phi,3.0,34.8,26.8,535336.0,196819.0,2.72,0.007024,-1,1,0,0
SZ,5.0,root,mc_361106.Zee.1largeRjet1lep.root,mini,jet_phi,3.0,33.8,26.2,535336.0,196819.0,2.72,0.007024,-1,1,0,1
SZ,5.0,root,mc_361106.Zee.1largeRjet1lep.root,mini,jet_phi,3.0,44.8,14.8,535336.0,211717.0,2.53,0.006558,-1,1,1,0
SZ,5.0,root,mc_361106.Zee.1largeRjet1lep.root,mini,jet_phi,3.0,37.0,13.0,535336.0,211717.0,2.53,0.006558,-1,1,1,1
SZ,5.0,root,mc_361106.Zee.1largeRjet1lep.root,mini,jet_phi,3.0,14.4,13.0,535336.0,211717.0,2.53,0.006558,-1,1,2,0
SZ,5.0,root,mc_361106.Zee.1largeRjet1lep.root,mini,jet_phi,3.0,15.4,13.4,535336.0,213074.0,2.51,0.006992,-1,1,2,1
SZ,5.0,root,mc_361106.Zee.1largeRjet1lep.root,mini,jet_phi,3.0,10.6,11.2,535336.0,174825.0,3.06,0.004337,-1,1,3,0
SZ,5.0,root,mc_361106.Zee.1largeRjet1lep.root,mini,jet_phi,3.0,10.0,11.0,535336.0,174825.0,3.06,0.004337,-1,1,3,1
SZ,5.0,root,mc_361106.Zee.1largeRjet1lep.root,mini,jet_phi,3.0,1.6,0.0,535336.0,493553.0,1.08,0.0,-1,1,4,0
SZ,5.0,root,mc_361106.Zee.1largeRjet1lep.root,mini,jet_phi,3.0,1.6,0.0,535336.0,493553.0,1.08,0.0,-1,1,4,1
Trunk,5.0,root,mc_361106.Zee.1largeRjet1lep.root,mini,jet_pt_syst,3.0,140.4,1.0,535336.0,272858.0,1.96,0.000177,9,-1,-1,-1
SZ,5.0,root,mc_361106.Zee.1largeRjet1lep.root,mini,jet_pt_syst,3.0,30.0,20.0,535336.0,99369.0,5.39,0.021064,-1,1,0,0
SZ,5.0,root,mc_361106.Zee.1largeRjet1lep.root,mini,jet_pt_syst,3.0,31.8,21.0,535336.0,99369.0,5.39,0.021064,-1,1,0,1
SZ,5.0,root,mc_361106.Zee.1largeRjet1lep.root,mini,jet_pt_syst,3.0,33.2,8.4,535336.0,108184.0,4.95,0.018411,-1,1,1,0
SZ,5.0,root,mc_361106.Zee.1largeRjet1lep.root,mini,jet_pt_syst,3.0,33.2,8.6,535336.0,108184.0,4.95,0.018411,-1,1,1,1
SZ,5.0,root,mc_361106.Zee.1largeRjet1lep.root,mini,jet_pt_syst,3.0,12.2,8.0,535336.0,108184.0,4.95,0.018411,-1,1,2,0
SZ,5.0,root,mc_361106.Zee.1largeRjet1lep.root,mini,jet_pt_syst,3.0,12.2,9.0,535336.0,109927.0,4.87,0.018419,-1,1,2,1
SZ,5.0,root,mc_361106.Zee.1largeRjet1lep.root,mini,jet_pt_syst,3.0,9.4,6.0,535336.0,88661.0,6.04,0.020391,-1,1,3,0
SZ,5.0,root,mc_361106.Zee.1largeRjet1lep.root,mini,jet_pt_syst,3.0,9.2,6.0,535336.0,88661.0,6.04,0.020391,-1,1,3,1
SZ,5.0,root,mc_361106.Zee.1largeRjet1lep.root,mini,jet_pt_syst,3.0,1.6,0.0,535336.0,475197.0,1.13,0.0,-1,1,4,0
SZ,5.0,root,mc_361106.Zee.1largeRjet1lep.root,mini,jet_pt_syst,3.0,1.4,0.0,535336.0,475197.0,1.13,0.0,-1,1,4,1
Trunk,5.0,root,mc_361106.Zee.1largeRjet1lep.root,mini,jet_pt,3.0,105.2,1.6,535336.0,276637.0,1.94,0.000175,9,-1,-1,-1
SZ,5.0,root,mc_361106.Zee.1largeRjet1lep.root,mini,jet_pt,3.0,39.6,23.0,535336.0,136872.0,3.91,0.010777,-1,1,0,0
SZ,5.0,root,mc_361106.Zee.1largeRjet1lep.root,mini,jet_pt,3.0,33.6,24.8,535336.0,136872.0,3.91,0.010777,-1,1,0,1
SZ,5.0,root,mc_361106.Zee.1largeRjet1lep.root,mini,jet_pt,3.0,34.8,11.0,535336.0,147793.0,3.62,0.009419,-1,1,1,0
SZ,5.0,root,mc_361106.Zee.1largeRjet1lep.root,mini,jet_pt,3.0,35.2,11.2,535336.0,147793.0,3.62,0.009419,-1,1,1,1
SZ,5.0,root,mc_361106.Zee.1largeRjet1lep.root,mini,jet_pt,3.0,13.0,11.0,535336.0,147793.0,3.62,0.009419,-1,1,2,0
SZ,5.0,root,mc_361106.Zee.1largeRjet1lep.root,mini,jet_pt,3.0,14.0,11.4,535336.0,149859.0,3.57,0.009431,-1,1,2,1
SZ,5.0,root,mc_361106.Zee.1largeRjet1lep.root,mini,jet_pt,3.0,10.6,8.0,535336.0,118018.0,4.54,0.010996,-1,1,3,0
SZ,5.0,root,mc_361106.Zee.1largeRjet1lep.root,mini,jet_pt,3.0,10.6,8.2,535336.0,118018.0,4.54,0.010996,-1,1,3,1
SZ,5.0,root,mc_361106.Zee.1largeRjet1lep.root,mini,jet_pt,3.0,1.2,0.4,535336.0,481985.0,1.11,0.0,-1,1,4,0
SZ,5.0,root,mc_361106.Zee.1largeRjet1lep.root,mini,jet_pt,3.0,1.6,0.0,535336.0,481985.0,1.11,0.0,-1,1,4,1
Trunk,5.0,root,mc_361106.Zee.1largeRjet1lep.root,mini,largeRjet_D2,3.0,116.8,1.0,313100.0,165987.0,1.89,0.000147,9,-1,-1,-1
SZ,5.0,root,mc_361106.Zee.1largeRjet1lep.root,mini,largeRjet_D2,3.0,18.8,12.0,313100.0,57048.0,5.49,1.439702,-1,1,0,0
SZ,5.0,root,mc_361106.Zee.1largeRjet1lep.root,mini,largeRjet_D2,3.0,19.0,12.6,313100.0,57048.0,5.49,1.439702,-1,1,0,1
SZ,5.0,root,mc_361106.Zee.1largeRjet1lep.root,mini,largeRjet_D2,3.0,20.4,3.6,313100.0,57374.0,5.46,0.320395,-1,1,1,0
SZ,5.0,root,mc_361106.Zee.1largeRjet1lep.root,mini,largeRjet_D2,3.0,19.4,3.0,313100.0,57374.0,5.46,0.320395,-1,1,1,1
SZ,5.0,root,mc_361106.Zee.1largeRjet1lep.root,mini,largeRjet_D2,3.0,7.8,5.0,313100.0,61599.0,5.08,1.259519,-1,1,2,0
SZ,5.0,root,mc_361106.Zee.1largeRjet1lep.root,mini,largeRjet_D2,3.0,8.4,5.0,313100.0,63601.0,4.92,1.26032,-1,1,2,1
SZ,5.0,root,mc_361106.Zee.1largeRjet1lep.root,mini,largeRjet_D2,3.0,7.2,5.6,313100.0,37159.0,8.43,0.317504,-1,1,3,0
SZ,5.0,root,mc_361106.Zee.1largeRjet1lep.root,mini,largeRjet_D2,3.0,9.8,2.2,313100.0,37159.0,8.43,0.317504,-1,1,3,1
SZ,5.0,root,mc_361106.Zee.1largeRjet1lep.root,mini,largeRjet_D2,3.0,3.0,0.0,313100.0,258994.0,1.21,0.0,-1,1,4,0
SZ,5.0,root,mc_361106.Zee.1largeRjet1lep.root,mini,largeRjet_D2,3.0,3.0,0.0,313100.0,258994.0,1.21,0.0,-1,1,4,1
Trunk,5.0,root,mc_361106.Zee.1largeRjet1lep.root,mini,largeRjet_E,3.0,70.6,1.0,313100.0,153081.0,2.05,0.00018,9,-1,-1,-1
SZ,5.0,root,mc_361106.Zee.1largeRjet1lep.root,mini,largeRjet_E,3.0,20.0,13.4,313100.0,85544.0,3.66,0.002603,-1,1,0,0
SZ,5.0,root,mc_361106.Zee.1largeRjet1lep.root,mini,largeRjet_E,3.0,18.4,13.8,313100.0,85544.0,3.66,0.002603,-1,1,0,1
SZ,5.0,root,mc_361106.Zee.1largeRjet1lep.root,mini,largeRjet_E,3.0,20.4,6.2,313100.0,90864.0,3.45,0.002284,-1,1,1,0
SZ,5.0,root,mc_361106.Zee.1largeRjet1lep.root,mini,largeRjet_E,3.0,20.2,6.0,313100.0,90864.0,3.45,0.002284,-1,1,1,1
SZ,5.0,root,mc_361106.Zee.1largeRjet1lep.root,mini,largeRjet_E,3.0,7.0,6.0,313100.0,90864.0,3.45,0.002284,-1,1,2,0
SZ,5.0,root,mc_361106.Zee.1largeRjet1lep.root,mini,largeRjet_E,3.0,7.4,6.0,313100.0,91863.0,3.41,0.002269,-1,1,2,1
SZ,5.0,root,mc_361106.Zee.1largeRjet1lep.root,mini,largeRjet_E,3.0,5.2,9.2,313100.0,76368.0,4.1,0.002603,-1,1,3,0
SZ,5.0,root,mc_361106.Zee.1largeRjet1lep.root,mini,largeRjet_E,3.0,6.2,5.2,313100.0,76368.0,4.1,0.002603,-1,1,3,1
SZ,5.0,root,mc_361106.Zee.1largeRjet1lep.root,mini,largeRjet_E,3.0,0.8,0.0,313100.0,276022.0,1.13,0.0,-1,1,4,0
SZ,5.0,root,mc_361106.Zee.1largeRjet1lep.root,mini,largeRjet_E,3.0,1.0,0.0,313100.0,276022.0,1.13,0.0,-1,1,4,1
Trunk,5.0,root,mc_361106.Zee.1largeRjet1lep.root,mini,largeRjet_eta,3.0,86.2,1.0,313100.0,176949.0,1.77,0.000172,9,-1,-1,-1
SZ,5.0,root,mc_361106.Zee.1largeRjet1lep.root,mini,largeRjet_eta,3.0,21.2,15.2,313100.0,121599.0,2.57,0.00423,-1,1,0,0
SZ,5.0,root,mc_361106.Zee.1largeRjet1lep.root,mini,largeRjet_eta,3.0,21.0,15.8,313100.0,121599.0,2.57,0.00423,-1,1,0,1
SZ,5.0,root,mc_361106.Zee.1largeRjet1lep.root,mini,largeRjet_eta,3.0,24.0,7.0,313100.0,130855.0,2.39,0.003772,-1,1,1,0
SZ,5.0,root,mc_361106.Zee.1largeRjet1lep.root,mini,largeRjet_eta,3.0,25.0,8.0,313100.0,130855.0,2.39,0.003772,-1,1,1,1
SZ,5.0,root,mc_361106.Zee.1largeRjet1lep.root,mini,largeRjet_eta,3.0,10.0,7.4,313100.0,130855.0,2.39,0.003772,-1,1,2,0
SZ,5.0,root,mc_361106.Zee.1largeRjet1lep.root,mini,largeRjet_eta,3.0,13.2,8.4,313100.0,133537.0,2.34,0.003655,-1,1,2,1
SZ,5.0,root,mc_361106.Zee.1largeRjet1lep.root,mini,largeRjet_eta,3.0,6.6,6.0,313100.0,106140.0,2.95,0.004356,-1,1,3,0
SZ,5.0,root,mc_361106.Zee.1largeRjet1lep.root,mini,largeRjet_eta,3.0,6.6,6.2,313100.0,106140.0,2.95,0.004356,-1,1,3,1
SZ,5.0,root,mc_361106.Zee.1largeRjet1lep.root,mini,largeRjet_eta,3.0,1.0,0.0,313100.0,286306.0,1.09,0.0,-1,1,4,0
SZ,5.0,root,mc_361106.Zee.1largeRjet1lep.root,mini,largeRjet_eta,3.0,1.0,0.0,313100.0,286306.0,1.09,0.0,-1,1,4,1
Trunk,5.0,root,mc_361106.Zee.1largeRjet1lep.root,mini,largeRjet_m,3.0,70.4,1.0,313100.0,167400.0,1.87,0.000165,9,-1,-1,-1
SZ,5.0,root,mc_361106.Zee.1largeRjet1lep.root,mini,largeRjet_m,3.0,19.2,14.2,313100.0,94912.0,3.3,1784.237673,-1,1,0,0
SZ,5.0,root,mc_361106.Zee.1largeRjet1lep.root,mini,largeRjet_m,3.0,19.4,14.2,313100.0,94912.0,3.3,1784.237673,-1,1,0,1
SZ,5.0,root,mc_361106.Zee.1largeRjet1lep.root,mini,largeRjet_m,3.0,21.4,7.0,313100.0,101252.0,3.09,1538.186631,-1,1,1,0
SZ,5.0,root,mc_361106.Zee.1largeRjet1lep.root,mini,largeRjet_m,3.0,21.2,6.6,313100.0,101252.0,3.09,1538.186631,-1,1,1,1
SZ,5.0,root,mc_361106.Zee.1largeRjet1lep.root,mini,largeRjet_m,3.0,8.2,6.8,313100.0,101252.0,3.09,1538.186631,-1,1,2,0
SZ,5.0,root,mc_361106.Zee.1largeRjet1lep.root,mini,largeRjet_m,3.0,8.2,7.2,313100.0,102420.0,3.06,1546.898005,-1,1,2,1
SZ,5.0,root,mc_361106.Zee.1largeRjet1lep.root,mini,largeRjet_m,3.0,6.2,5.0,313100.0,80138.0,3.91,0.069349,-1,1,3,0
SZ,5.0,root,mc_361106.Zee.1largeRjet1lep.root,mini,largeRjet_m,3.0,7.0,5.0,313100.0,80138.0,3.91,0.069349,-1,1,3,1
SZ,5.0,root,mc_361106.Zee.1largeRjet1lep.root,mini,largeRjet_m,3.0,3.0,0.0,313100.0,278535.0,1.12,0.0,-1,1,4,0
SZ,5.0,root,mc_361106.Zee.1largeRjet1lep.root,mini,largeRjet_m,3.0,4.0,0.0,313100.0,278535.0,1.12,0.0,-1,1,4,1
Trunk,5.0,root,mc_361106.Zee.1largeRjet1lep.root,mini,largeRjet_phi,3.0,87.2,1.0,313100.0,173947.0,1.8,0.000179,9,-1,-1,-1
SZ,5.0,root,mc_361106.Zee.1largeRjet1lep.root,mini,largeRjet_phi,3.0,20.6,15.0,313100.0,121002.0,2.59,0.006719,-1,1,0,0
SZ,5.0,root,mc_361106.Zee.1largeRjet1lep.root,mini,largeRjet_phi,3.0,20.4,15.2,313100.0,121002.0,2.59,0.006719,-1,1,0,1
SZ,5.0,root,mc_361106.Zee.1largeRjet1lep.root,mini,largeRjet_phi,3.0,22.8,7.0,313100.0,118798.0,2.64,0.006967,-1,1,1,0
SZ,5.0,root,mc_361106.Zee.1largeRjet1lep.root,mini,largeRjet_phi,3.0,23.2,10.6,313100.0,118798.0,2.64,0.006967,-1,1,1,1
SZ,5.0,root,mc_361106.Zee.1largeRjet1lep.root,mini,largeRjet_phi,3.0,9.2,7.6,313100.0,134298.0,2.33,0.004615,-1,1,2,0
SZ,5.0,root,mc_361106.Zee.1largeRjet1lep.root,mini,largeRjet_phi,3.0,9.2,8.0,313100.0,136428.0,2.29,0.005007,-1,1,2,1
SZ,5.0,root,mc_361106.Zee.1largeRjet1lep.root,mini,largeRjet_phi,3.0,8.4,7.2,313100.0,105848.0,2.96,0.004274,-1,1,3,0
SZ,5.0,root,mc_361106.Zee.1largeRjet1lep.root,mini,largeRjet_phi,3.0,7.0,6.2,313100.0,105848.0,2.96,0.004274,-1,1,3,1
SZ,5.0,root,mc_361106.Zee.1largeRjet1lep.root,mini,largeRjet_phi,3.0,1.0,0.0,313100.0,288636.0,1.08,0.0,-1,1,4,0
SZ,5.0,root,mc_361106.Zee.1largeRjet1lep.root,mini,largeRjet_phi,3.0,1.0,0.0,313100.0,288636.0,1.08,0.0,-1,1,4,1
,,,,,,,,,,,,,-1,-1,-1,-1
,,,,,,,,,,,,,-1,-1,-1,-1
,,,,,,,,,,,,,-1,-1,-1,-1
,,,,,,,,,,,,,-1,-1,-1,-1
,,,,,,,,,,,,,-1,-1,-1,-1
,,,,,,,,,,,,,-1,-1,-1,-1
,,,,,,,,,,,,,-1,-1,-1,-1
,,,,,,,,,,,,,-1,-1,-1,-1
,,,,,,,,,,,,,-1,-1,-1,-1
,,,,,,,,,,,,,-1,-1,-1,-1
,,,,,,,,,,,,,-1,-1,-1,-1
,,,,,,,,,,,,,-1,-1,-1,-1
,,,,,,,,,,,,,-1,-1,-1,-1
,,,,,,,,,,,,,-1,-1,-1,-1
,,,,,,,,,,,,,-1,-1,-1,-1
,,,,,,,,,,,,,-1,-1,-1,-1
,,,,,,,,,,,,,-1,-1,-1,-1
,,,,,,,,,,,,,-1,-1,-1,-1
,,,,,,,,,,,,,-1,-1,-1,-1
,,,,,,,,,,,,,-1,-1,-1,-1
,,,,,,,,,,,,,-1,-1,-1,-1
,,,,,,,,,,,,,-1,-1,-1,-1
Trunk,5.0,root,mc_361106.Zee.1largeRjet1lep.root,mini,largeRjet_tau32,3.0,107.0,1.0,313100.0,133929.0,2.34,0.000131,9,-1,-1,-1
SZ,5.0,root,mc_361106.Zee.1largeRjet1lep.root,mini,largeRjet_tau32,3.0,22.2,15.0,313100.0,120397.0,2.6,0.001808,-1,1,0,0
SZ,5.0,root,mc_361106.Zee.1largeRjet1lep.root,mini,largeRjet_tau32,3.0,22.0,15.2,313100.0,120397.0,2.6,0.001808,-1,1,0,1
SZ,5.0,root,mc_361106.Zee.1largeRjet1lep.root,mini,largeRjet_tau32,3.0,26.4,7.0,313100.0,114907.0,2.72,0.00191,-1,1,1,0
SZ,5.0,root,mc_361106.Zee.1largeRjet1lep.root,mini,largeRjet_tau32,3.0,25.4,7.0,313100.0,114907.0,2.72,0.00191,-1,1,1,1
SZ,5.0,root,mc_361106.Zee.1largeRjet1lep.root,mini,largeRjet_tau32,3.0,14.0,8.8,313100.0,134876.0,2.32,0.001688,-1,1,2,0
SZ,5.0,root,mc_361106.Zee.1largeRjet1lep.root,mini,largeRjet_tau32,3.0,12.0,7.4,313100.0,141685.0,2.21,0.001617,-1,1,2,1
SZ,5.0,root,mc_361106.Zee.1largeRjet1lep.root,mini,largeRjet_tau32,3.0,6.0,4.2,313100.0,75169.0,4.17,0.001699,-1,1,3,0
SZ,5.0,root,mc_361106.Zee.1largeRjet1lep.root,mini,largeRjet_tau32,3.0,6.4,4.2,313100.0,75169.0,4.17,0.001699,-1,1,3,1
SZ,5.0,root,mc_361106.Zee.1largeRjet1lep.root,mini,largeRjet_tau32,3.0,2.8,0.0,313100.0,225564.0,1.39,0.0,-1,1,4,0
SZ,5.0,root,mc_361106.Zee.1largeRjet1lep.root,mini,largeRjet_tau32,3.0,3.0,0.0,313100.0,225564.0,1.39,0.0,-1,1,4,1
Trunk,5.0,root,mc_361106.Zee.1largeRjet1lep.root,mini,lep_E,3.0,74.6,1.0,370656.0,198321.0,1.87,0.000176,9,-1,-1,-1
SZ,5.0,root,mc_361106.Zee.1largeRjet1lep.root,mini,lep_E,3.0,22.2,16.0,370656.0,107289.0,3.45,0.008017,-1,1,0,0
SZ,5.0,root,mc_361106.Zee.1largeRjet1lep.root,mini,lep_E,3.0,22.4,16.4,370656.0,107289.0,3.45,0.008017,-1,1,0,1
SZ,5.0,root,mc_361106.Zee.1largeRjet1lep.root,mini,lep_E,3.0,24.8,8.0,370656.0,114823.0,3.23,0.007001,-1,1,1,0
SZ,5.0,root,mc_361106.Zee.1largeRjet1lep.root,mini,lep_E,3.0,24.2,8.0,370656.0,114823.0,3.23,0.007001,-1,1,1,1
SZ,5.0,root,mc_361106.Zee.1largeRjet1lep.root,mini,lep_E,3.0,8.8,8.0,370656.0,114823.0,3.23,0.007001,-1,1,2,0
SZ,5.0,root,mc_361106.Zee.1largeRjet1lep.root,mini,lep_E,3.0,9.0,8.0,370656.0,116477.0,3.18,0.006957,-1,1,2,1
SZ,5.0,root,mc_361106.Zee.1largeRjet1lep.root,mini,lep_E,3.0,6.2,6.0,370656.0,96574.0,3.84,0.008084,-1,1,3,0
SZ,5.0,root,mc_361106.Zee.1largeRjet1lep.root,mini,lep_E,3.0,6.4,6.0,370656.0,96574.0,3.84,0.008084,-1,1,3,1
SZ,5.0,root,mc_361106.Zee.1largeRjet1lep.root,mini,lep_E,3.0,1.2,0.0,370656.0,333443.0,1.11,0.0,-1,1,4,0
SZ,5.0,root,mc_361106.Zee.1largeRjet1lep.root,mini,lep_E,3.0,1.0,0.0,370656.0,333443.0,1.11,0.0,-1,1,4,1
Trunk,5.0,root,mc_361106.Zee.1largeRjet1lep.root,mini,lep_eta,3.0,97.4,1.0,370656.0,210307.0,1.76,0.000176,9,-1,-1,-1
SZ,5.0,root,mc_361106.Zee.1largeRjet1lep.root,mini,lep_eta,3.0,24.2,18.0,370656.0,134601.0,2.75,0.01666,-1,1,0,0
SZ,5.0,root,mc_361106.Zee.1largeRjet1lep.root,mini,lep_eta,3.0,24.0,17.2,370656.0,134601.0,2.75,0.01666,-1,1,0,1
SZ,5.0,root,mc_361106.Zee.1largeRjet1lep.root,mini,lep_eta,3.0,34.4,9.0,370656.0,143905.0,2.58,0.018932,-1,1,1,0
SZ,5.0,root,mc_361106.Zee.1largeRjet1lep.root,mini,lep_eta,3.0,27.0,9.0,370656.0,143905.0,2.58,0.018932,-1,1,1,1
SZ,5.0,root,mc_361106.Zee.1largeRjet1lep.root,mini,lep_eta,3.0,11.0,9.0,370656.0,143905.0,2.58,0.018932,-1,1,2,0
SZ,5.0,root,mc_361106.Zee.1largeRjet1lep.root,mini,lep_eta,3.0,10.2,9.0,370656.0,146081.0,2.54,0.008741,-1,1,2,1
SZ,5.0,root,mc_361106.Zee.1largeRjet1lep.root,mini,lep_eta,3.0,7.0,7.2,370656.0,120388.0,3.08,0.006107,-1,1,3,0
SZ,5.0,root,mc_361106.Zee.1largeRjet1lep.root,mini,lep_eta,3.0,7.0,7.0,370656.0,120388.0,3.08,0.006107,-1,1,3,1
SZ,5.0,root,mc_361106.Zee.1largeRjet1lep.root,mini,lep_eta,3.0,1.0,0.0,370656.0,341664.0,1.08,0.0,-1,1,4,0
SZ,5.0,root,mc_361106.Zee.1largeRjet1lep.root,mini,lep_eta,3.0,1.0,0.0,370656.0,341664.0,1.08,0.0,-1,1,4,1
Trunk,5.0,root,mc_361106.Zee.1largeRjet1lep.root,mini,lep_etcone20,3.0,92.8,1.8,370656.0,218345.0,1.7,0.000176,9,-1,-1,-1
SZ,5.0,root,mc_361106.Zee.1largeRjet1lep.root,mini,lep_etcone20,3.0,21.6,15.2,370656.0,88476.0,4.19,0.111082,-1,1,0,0
SZ,5.0,root,mc_361106.Zee.1largeRjet1lep.root,mini,lep_etcone20,3.0,22.2,16.0,370656.0,88476.0,4.19,0.111082,-1,1,0,1
SZ,5.0,root,mc_361106.Zee.1largeRjet1lep.root,mini,lep_etcone20,3.0,23.2,7.0,370656.0,93655.0,3.96,0.095052,-1,1,1,0
SZ,5.0,root,mc_361106.Zee.1largeRjet1lep.root,mini,lep_etcone20,3.0,23.2,6.8,370656.0,93655.0,3.96,0.095052,-1,1,1,1
SZ,5.0,root,mc_361106.Zee.1largeRjet1lep.root,mini,lep_etcone20,3.0,8.0,7.0,370656.0,93655.0,3.96,0.095052,-1,1,2,0
SZ,5.0,root,mc_361106.Zee.1largeRjet1lep.root,mini,lep_etcone20,3.0,8.2,7.0,370656.0,95093.0,3.9,0.112763,-1,1,2,1
SZ,5.0,root,mc_361106.Zee.1largeRjet1lep.root,mini,lep_etcone20,3.0,10.6,5.0,370656.0,82375.0,4.5,0.053374,-1,1,3,0
SZ,5.0,root,mc_361106.Zee.1largeRjet1lep.root,mini,lep_etcone20,3.0,6.0,5.0,370656.0,82375.0,4.5,0.053374,-1,1,3,1
SZ,5.0,root,mc_361106.Zee.1largeRjet1lep.root,mini,lep_etcone20,3.0,1.0,0.0,370656.0,342417.0,1.08,0.0,-1,1,4,0
SZ,5.0,root,mc_361106.Zee.1largeRjet1lep.root,mini,lep_etcone20,3.0,1.0,0.0,370656.0,342417.0,1.08,0.0,-1,1,4,1
Trunk,5.0,root,mc_361106.Zee.1largeRjet1lep.root,mini,lep_phi,3.0,88.8,1.0,370656.0,207531.0,1.79,0.000178,9,-1,-1,-1
SZ,5.0,root,mc_361106.Zee.1largeRjet1lep.root,mini,lep_phi,3.0,24.6,20.0,370656.0,142573.0,2.6,0.009349,-1,1,0,0
SZ,5.0,root,mc_361106.Zee.1largeRjet1lep.root,mini,lep_phi,3.0,24.6,18.2,370656.0,142573.0,2.6,0.009349,-1,1,0,1
SZ,5.0,root,mc_361106.Zee.1largeRjet1lep.root,mini,lep_phi,3.0,28.2,9.0,370656.0,154400.0,2.4,0.008145,-1,1,1,0
SZ,5.0,root,mc_361106.Zee.1largeRjet1lep.root,mini,lep_phi,3.0,35.0,9.0,370656.0,154400.0,2.4,0.008145,-1,1,1,1
SZ,5.0,root,mc_361106.Zee.1largeRjet1lep.root,mini,lep_phi,3.0,11.2,9.0,370656.0,154400.0,2.4,0.008145,-1,1,2,0
SZ,5.0,root,mc_361106.Zee.1largeRjet1lep.root,mini,lep_phi,3.0,11.0,9.0,370656.0,155225.0,2.39,0.007781,-1,1,2,1
SZ,5.0,root,mc_361106.Zee.1largeRjet1lep.root,mini,lep_phi,3.0,7.2,7.0,370656.0,123567.0,3.0,0.004451,-1,1,3,0
SZ,5.0,root,mc_361106.Zee.1largeRjet1lep.root,mini,lep_phi,3.0,7.8,7.8,370656.0,123567.0,3.0,0.004451,-1,1,3,1
SZ,5.0,root,mc_361106.Zee.1largeRjet1lep.root,mini,lep_phi,3.0,1.2,0.0,370656.0,341948.0,1.08,0.0,-1,1,4,0
SZ,5.0,root,mc_361106.Zee.1largeRjet1lep.root,mini,lep_phi,3.0,1.2,0.0,370656.0,341948.0,1.08,0.0,-1,1,4,1
Trunk,5.0,root,mc_361106.Zee.1largeRjet1lep.root,mini,lep_pt_syst,3.0,73.4,1.0,370656.0,202919.0,1.83,0.000177,9,-1,-1,-1
SZ,5.0,root,mc_361106.Zee.1largeRjet1lep.root,mini,lep_pt_syst,3.0,21.4,12.6,370656.0,40789.0,9.09,0.486862,-1,1,0,0
SZ,5.0,root,mc_361106.Zee.1largeRjet1lep.root,mini,lep_pt_syst,3.0,22.6,13.0,370656.0,40789.0,9.09,0.486862,-1,1,0,1
SZ,5.0,root,mc_361106.Zee.1largeRjet1lep.root,mini,lep_pt_syst,3.0,24.0,4.8,370656.0,49180.0,7.54,0.398931,-1,1,1,0
SZ,5.0,root,mc_361106.Zee.1largeRjet1lep.root,mini,lep_pt_syst,3.0,23.6,4.0,370656.0,49180.0,7.54,0.398931,-1,1,1,1
SZ,5.0,root,mc_361106.Zee.1largeRjet1lep.root,mini,lep_pt_syst,3.0,10.2,4.4,370656.0,49180.0,7.54,0.398931,-1,1,2,0
SZ,5.0,root,mc_361106.Zee.1largeRjet1lep.root,mini,lep_pt_syst,3.0,8.2,4.6,370656.0,50174.0,7.39,0.400526,-1,1,2,1
SZ,5.0,root,mc_361106.Zee.1largeRjet1lep.root,mini,lep_pt_syst,3.0,6.2,2.0,370656.0,36993.0,10.02,0.330255,-1,1,3,0
SZ,5.0,root,mc_361106.Zee.1largeRjet1lep.root,mini,lep_pt_syst,3.0,6.2,2.0,370656.0,36993.0,10.02,0.330255,-1,1,3,1
SZ,5.0,root,mc_361106.Zee.1largeRjet1lep.root,mini,lep_pt_syst,3.0,1.2,0.0,370656.0,337234.0,1.1,0.0,-1,1,4,0
SZ,5.0,root,mc_361106.Zee.1largeRjet1lep.root,mini,lep_pt_syst,3.0,1.0,0.0,370656.0,337234.0,1.1,0.0,-1,1,4,1
Trunk,5.0,root,mc_361106.Zee.1largeRjet1lep.root,mini,lep_pt,3.0,81.4,1.0,370656.0,193662.0,1.91,0.000174,9,-1,-1,-1
SZ,5.0,root,mc_361106.Zee.1largeRjet1lep.root,mini,lep_pt,3.0,22.6,16.8,370656.0,99737.0,3.72,0.006935,-1,1,0,0
SZ,5.0,root,mc_361106.Zee.1largeRjet1lep.root,mini,lep_pt,3.0,23.6,17.6,370656.0,99737.0,3.72,0.006935,-1,1,0,1
SZ,5.0,root,mc_361106.Zee.1largeRjet1lep.root,mini,lep_pt,3.0,26.6,7.8,370656.0,106702.0,3.47,0.006059,-1,1,1,0
SZ,5.0,root,mc_361106.Zee.1largeRjet1lep.root,mini,lep_pt,3.0,27.4,8.0,370656.0,106702.0,3.47,0.006059,-1,1,1,1
SZ,5.0,root,mc_361106.Zee.1largeRjet1lep.root,mini,lep_pt,3.0,9.6,8.8,370656.0,106702.0,3.47,0.006059,-1,1,2,0
SZ,5.0,root,mc_361106.Zee.1largeRjet1lep.root,mini,lep_pt,3.0,9.2,8.2,370656.0,107865.0,3.44,0.006062,-1,1,2,1
SZ,5.0,root,mc_361106.Zee.1largeRjet1lep.root,mini,lep_pt,3.0,7.0,6.2,370656.0,92225.0,4.02,0.00698,-1,1,3,0
SZ,5.0,root,mc_361106.Zee.1largeRjet1lep.root,mini,lep_pt,3.0,7.8,6.0,370656.0,92225.0,4.02,0.00698,-1,1,3,1
SZ,5.0,root,mc_361106.Zee.1largeRjet1lep.root,mini,lep_pt,3.0,1.8,0.0,370656.0,330891.0,1.12,0.0,-1,1,4,0
SZ,5.0,root,mc_361106.Zee.1largeRjet1lep.root,mini,lep_pt,3.0,2.0,0.0,370656.0,330891.0,1.12,0.0,-1,1,4,1
Trunk,5.0,root,mc_361106.Zee.1largeRjet1lep.root,mini,lep_ptcone30,3.0,40.4,0.0,370656.0,49298.0,7.52,2.9e-05,9,-1,-1,-1
SZ,5.0,root,mc_361106.Zee.1largeRjet1lep.root,mini,lep_ptcone30,3.0,25.6,12.0,370656.0,18343.0,20.21,0.057771,-1,1,0,0
SZ,5.0,root,mc_361106.Zee.1largeRjet1lep.root,mini,lep_ptcone30,3.0,22.8,12.2,370656.0,18343.0,20.21,0.057771,-1,1,0,1
SZ,5.0,root,mc_361106.Zee.1largeRjet1lep.root,mini,lep_ptcone30,3.0,23.4,1.2,370656.0,19094.0,19.41,0.062811,-1,1,1,0
SZ,5.0,root,mc_361106.Zee.1largeRjet1lep.root,mini,lep_ptcone30,3.0,23.8,2.4,370656.0,19094.0,19.41,0.062811,-1,1,1,1
SZ,5.0,root,mc_361106.Zee.1largeRjet1lep.root,mini,lep_ptcone30,3.0,8.2,3.0,370656.0,24139.0,15.36,0.047681,-1,1,2,0
SZ,5.0,root,mc_361106.Zee.1largeRjet1lep.root,mini,lep_ptcone30,3.0,8.6,3.0,370656.0,24100.0,15.38,0.044702,-1,1,2,1
SZ,5.0,root,mc_361106.Zee.1largeRjet1lep.root,mini,lep_ptcone30,3.0,5.4,1.2,370656.0,12295.0,30.15,0.062816,-1,1,3,0
SZ,5.0,root,mc_361106.Zee.1largeRjet1lep.root,mini,lep_ptcone30,3.0,5.2,1.0,370656.0,12295.0,30.15,0.062816,-1,1,3,1
SZ,5.0,root,mc_361106.Zee.1largeRjet1lep.root,mini,lep_ptcone30,3.0,1.2,0.0,370656.0,77145.0,4.8,0.0,-1,1,4,0
SZ,5.0,root,mc_361106.Zee.1largeRjet1lep.root,mini,lep_ptcone30,3.0,1.2,0.0,370656.0,77145.0,4.8,0.0,-1,1,4,1
Trunk,5.0,root,mc_361106.Zee.1largeRjet1lep.root,mini,lep_trackd0pvunbiased,3.0,88.6,1.2,370656.0,219423.0,1.69,0.000176,9,-1,-1,-1
SZ,5.0,root,mc_361106.Zee.1largeRjet1lep.root,mini,lep_trackd0pvunbiased,3.0,21.8,12.6,370656.0,36559.0,10.14,1.82639,-1,1,0,0
SZ,5.0,root,mc_361106.Zee.1largeRjet1lep.root,mini,lep_trackd0pvunbiased,3.0,21.6,13.0,370656.0,36559.0,10.14,1.82639,-1,1,0,1
SZ,5.0,root,mc_361106.Zee.1largeRjet1lep.root,mini,lep_trackd0pvunbiased,3.0,23.4,3.2,370656.0,42336.0,8.76,1.499707,-1,1,1,0
SZ,5.0,root,mc_361106.Zee.1largeRjet1lep.root,mini,lep_trackd0pvunbiased,3.0,23.6,4.2,370656.0,42336.0,8.76,1.499707,-1,1,1,1
SZ,5.0,root,mc_361106.Zee.1largeRjet1lep.root,mini,lep_trackd0pvunbiased,3.0,7.4,3.4,370656.0,42336.0,8.76,1.499707,-1,1,2,0
SZ,5.0,root,mc_361106.Zee.1largeRjet1lep.root,mini,lep_trackd0pvunbiased,3.0,8.2,4.0,370656.0,43431.0,8.53,1.609344,-1,1,2,1
SZ,5.0,root,mc_361106.Zee.1largeRjet1lep.root,mini,lep_trackd0pvunbiased,3.0,6.0,2.0,370656.0,33327.0,11.12,0.463748,-1,1,3,0
SZ,5.0,root,mc_361106.Zee.1largeRjet1lep.root,mini,lep_trackd0pvunbiased,3.0,6.2,2.0,370656.0,33327.0,11.12,0.463748,-1,1,3,1
SZ,5.0,root,mc_361106.Zee.1largeRjet1lep.root,mini,lep_trackd0pvunbiased,3.0,1.2,0.0,370656.0,344073.0,1.08,0.0,-1,1,4,0
SZ,5.0,root,mc_361106.Zee.1largeRjet1lep.root,mini,lep_trackd0pvunbiased,3.0,1.0,0.0,370656.0,344073.0,1.08,0.0,-1,1,4,1
Trunk,5.0,root,mc_361106.Zee.1largeRjet1lep.root,mini,lep_tracksigd0pvunbiased,3.0,71.4,1.0,370656.0,199605.0,1.86,0.000176,9,-1,-1,-1
SZ,5.0,root,mc_361106.Zee.1largeRjet1lep.root,mini,lep_tracksigd0pvunbiased,3.0,22.0,15.2,370656.0,47365.0,7.83,0.467536,-1,1,0,0
SZ,5.0,root,mc_361106.Zee.1largeRjet1lep.root,mini,lep_tracksigd0pvunbiased,3.0,23.6,14.6,370656.0,47365.0,7.83,0.467536,-1,1,0,1
SZ,5.0,root,mc_361106.Zee.1largeRjet1lep.root,mini,lep_tracksigd0pvunbiased,3.0,23.6,4.4,370656.0,53177.0,6.97,0.401878,-1,1,1,0
SZ,5.0,root,mc_361106.Zee.1largeRjet1lep.root,mini,lep_tracksigd0pvunbiased,3.0,36.6,6.0,370656.0,53177.0,6.97,0.401878,-1,1,1,1
SZ,5.0,root,mc_361106.Zee.1largeRjet1lep.root,mini,lep_tracksigd0pvunbiased,3.0,8.0,4.2,370656.0,53177.0,6.97,0.401878,-1,1,2,0
SZ,5.0,root,mc_361106.Zee.1largeRjet1lep.root,mini,lep_tracksigd0pvunbiased,3.0,8.6,4.4,370656.0,54334.0,6.82,0.381346,-1,1,2,1
SZ,5.0,root,mc_361106.Zee.1largeRjet1lep.root,mini,lep_tracksigd0pvunbiased,3.0,6.2,2.4,370656.0,42746.0,8.67,0.183042,-1,1,3,0
SZ,5.0,root,mc_361106.Zee.1largeRjet1lep.root,mini,lep_tracksigd0pvunbiased,3.0,6.0,2.4,370656.0,42746.0,8.67,0.183042,-1,1,3,1
SZ,5.0,root,mc_361106.Zee.1largeRjet1lep.root,mini,lep_tracksigd0pvunbiased,3.0,1.0,0.0,370656.0,334692.0,1.11,0.0,-1,1,4,0
SZ,5.0,root,mc_361106.Zee.1largeRjet1lep.root,mini,lep_tracksigd0pvunbiased,3.0,1.0,0.0,370656.0,334692.0,1.11,0.0,-1,1,4,1
Trunk,5.0,root,mc_361106.Zee.1largeRjet1lep.root,mini,lep_z0,3.0,91.0,2.0,370656.0,220103.0,1.68,0.000156,9,-1,-1,-1
SZ,5.0,root,mc_361106.Zee.1largeRjet1lep.root,mini,lep_z0,3.0,22.8,12.0,370656.0,10903.0,34.0,2.222749,-1,1,0,0
SZ,5.0,root,mc_361106.Zee.1largeRjet1lep.root,mini,lep_z0,3.0,22.8,12.0,370656.0,10903.0,34.0,2.222749,-1,1,0,1
SZ,5.0,root,mc_361106.Zee.1largeRjet1lep.root,mini,lep_z0,3.0,20.8,1.0,370656.0,9472.0,39.13,0.988831,-1,1,1,0
SZ,5.0,root,mc_361106.Zee.1largeRjet1lep.root,mini,lep_z0,3.0,20.8,1.0,370656.0,9472.0,39.13,0.988831,-1,1,1,1
SZ,5.0,root,mc_361106.Zee.1largeRjet1lep.root,mini,lep_z0,3.0,7.2,2.0,370656.0,14397.0,25.75,6.678336,-1,1,2,0
SZ,5.0,root,mc_361106.Zee.1largeRjet1lep.root,mini,lep_z0,3.0,7.2,2.0,370656.0,17181.0,21.57,7.934781,-1,1,2,1
SZ,5.0,root,mc_361106.Zee.1largeRjet1lep.root,mini,lep_z0,3.0,6.2,1.0,370656.0,7330.0,50.57,0.985854,-1,1,3,0
SZ,5.0,root,mc_361106.Zee.1largeRjet1lep.root,mini,lep_z0,3.0,7.2,1.0,370656.0,7330.0,50.57,0.985854,-1,1,3,1
SZ,5.0,root,mc_361106.Zee.1largeRjet1lep.root,mini,lep_z0,3.0,3.4,0.0,370656.0,277525.0,1.34,0.0,-1,1,4,0
SZ,5.0,root,mc_361106.Zee.1largeRjet1lep.root,mini,lep_z0,3.0,3.2,0.0,370656.0,277525.0,1.34,0.0,-1,1,4,1
